CAMHB,R10LB
-2.582637529,-1.024602031
-2.130133656,-1.043538592
-2.145941994,-1.255863932
-4.093853724,-1.771313928
