CAMHB,CAMHB_beta_lactam,R10LB_beta_lactam,R10LB
1.306297239,-0.31,-0.17,0.09598851857
-3.77261495,0.12,0.66,1.44344462
1.1164449,0.13,1.039,6.845341179
0.4493939688,-1.81,0.49,1.247974437
5.598720089,,,2.365967129
-2.82747775,,,-1.110469729
3.273578035,,,0.09632888714
-5.343716575,,,-7.611066686
0.4643026425,,,0.08703854429
