Condition,CpxR,SoxR,CzcR,PprB,EsrC,MexS-1,MexS-2,CueR,MexZ,AmpC
Mecillinam,1.120449295,-3.9771802,1.726066725,0.667878795,6.14702974,-2.756666,3.782578405,-6.19326465,0.57346515,4.2971583
Azithromycin,1.873251868,-2.40622784,10.75825027,3.607327603,7.60815231,-1.5607384,3.294366748,-4.34504255,-2.2181852,1.54217811
Piperacillin,2.030532305,-4.5098966,-3.73979315,-5.3717852,1.812289405,-2.95160045,2.51621969,-5.96142325,-0.12558392,2.574977215
Ceftazidime,4.959043292,-0.511066532,-1.06312134,-5.79358296,5.355589426,-4.40491406,2.679224826,-4.04449774,-0.018264204,14.3773194
Meropenem,0.990987095,-3.3583989,1.57866247,-0.34813342,6.396678485,-2.8373183,3.51159258,-4.74038835,0.044411245,15.6644142
Tetracyclin,1.93310528,0.489159305,7.53139213,5.71589687,9.509580605,-2.45465935,5.08451969,-3.6048863,-2.15952905,-0.07443527
Ciprofloxacin,1.28708081,-4.49652625,0.91805621,0.72280022,5.994165165,-2.44319905,3.26032186,-6.02742025,-1.01090535,2.91345074
CAMHB,1.306297239,-3.77261495,1.1164449,0.4493939688,5.598720089,-2.82747775,3.273578035,-5.343716575,0.4643026425,0.9513308688
