Condition,CpxR,SoxR,CzcR,PprB,EsrC,MexS-1,MexS-2,CueR,MexZ,AmpC
Ceftazidime,-1.5907553,6.29388687,-1.9136731,-2.5371164,0.87962546,-0.64815655,-1.85132755,1.689902185,-0.69870235,1.89369388
Gentamicin,-0.65274325,4.23688947,1.206720615,4.68472503,2.402445715,-0.7525392,-1.2788105,-5.62161385,-0.4037055,1.08602907
Piperacillin,-1.0732049,4.449476725,1.18325012,4.81583102,1.597734215,-0.9767651,-1.9358153,-6.12864645,-0.2511801,3.50224108
Azithromycin,1.626717025,2.81704203,10.04373458,6.14657444,8.24315816,-2.61576435,2.15478286,-2.29302015,-2.9208518,2.14362099
M9glucAA,0.000000015,-0.000000009999999995,-0.00000000499999997,0,0.00000002500000001,-0.00000001499999999,0.00000002,0.00000001499999999,0,0.00000002
