Condition,CpxR,SoxR,CzcR,PprB,EsrC,MexS-1,MexS-2,CueR,MexZ,AmpC
Gentamicin,1.167156805,1.473225755,8.1822799,-0.182065155,2.94278838,-1.4478497,0.4392196,-7.3429391,0.36031701,0.603226645
Ceftazidime,0.329909725,4.526165655,5.292118385,-4.10041635,2.272513155,-0.5570228,-1.55707415,-8.5059727,0.78342771,8.061053035
Piperacillin,1.47776757,5.17766631,7.426406975,-4.49629275,4.17280532,-1.13391375,-0.69906975,-7.82720185,0.365409015,16.6914709
Mecillinam,0.241340075,2.852450595,7.97810211,1.218871105,2.806101295,-1.8037183,-0.236824025,-7.0836505,-0.06545202,11.5504197
Meropenem,0.92419189,5.180868685,8.85329781,-3.19524005,5.803449925,-1.49763745,-0.37415,-6.18087295,-0.16472355,20.95841475
R10LB,0.09598851857,1.44344462,6.845341179,1.247974437,2.365967129,-1.110469729,0.09632888714,-7.611066686,0.08703854429,1.33586642
