iMod_number,CpxR,SoxR,CzcR,PprB,EsrC,MexS-1,MexS-2,CueR,MexZ,AmpC
R10LB_Ceft,0.450165775,6.310787665,3.976882775,-15.441036,1.335387255,-13.061211,-0.19678478,-7.2621217,1.96945444,7.048663215
R10LB_Mec,0.221410995,4.5696212,6.65225401,-9.97834515,1.756385875,-14.42904,1.082995105,-5.7415508,1.191120965,10.5827888
R10LB_Mero,0.971548135,6.92884987,7.432241145,-14.5993845,5.0155726,-14.117369,0.88994654,-5.00645205,1.182271875,19.9611421
R10LB_Pip,1.559921625,6.923332925,6.098754195,-15.802567,3.388835475,-13.681463,0.588726125,-6.6590227,1.641657005,15.67127795
R10LB_Gent,1.25294059,3.26710474,6.799298115,-11.5234485,1.916930325,-14.0589685,1.74575149,-5.98878105,1.577958415,-0.40683235
R10LB,0.1527058186,3.179924286,5.52180472,-9.929110757,1.368172394,-13.73338386,1.403341609,-6.244603357,1.342021543,0.3816607571
